{
  "overall": {
    "count": 15538,
    "min": 26.54967498779297,
    "p25": 2399.4323120117188,
    "p50": 4055.681396484375,
    "p75": 6983.6497802734375,
    "p90": 12183.601660156251,
    "p95": 17979.939746093747,
    "max": 2314983.75,
    "mean": 6633.461406104797
  },
  "0": {
    "count": 977,
    "min": 703.1220092773438,
    "p25": 3410.17041015625,
    "p50": 6092.92041015625,
    "p75": 10972.1376953125,
    "p90": 19841.670703125,
    "p95": 28685.092968749996,
    "max": 77800.046875,
    "mean": 9162.869612101278
  },
  "1": {
    "count": 9053,
    "min": 26.54967498779297,
    "p25": 2392.30908203125,
    "p50": 4070.4501953125,
    "p75": 7211.03759765625,
    "p90": 12516.077539062506,
    "p95": 17646.601953124995,
    "max": 121298.6015625,
    "mean": 6020.161139348008
  },
  "2": {
    "count": 5276,
    "min": 260.8719177246094,
    "p25": 2255.239013671875,
    "p50": 3674.7720947265625,
    "p75": 5762.8148193359375,
    "p90": 8631.13037109375,
    "p95": 11525.350341796875,
    "max": 132644.40625,
    "mean": 4746.311289575445
  },
  "4": {
    "count": 152,
    "min": 1646.5635986328125,
    "p25": 18571.23291015625,
    "p50": 37659.71875,
    "p75": 68888.1953125,
    "p90": 141072.1453125,
    "p95": 277511.64687499945,
    "max": 2314983.75,
    "mean": 83697.88874174419
  },
  "5": {
    "count": 80,
    "min": 3138.323486328125,
    "p25": 10734.01904296875,
    "p50": 13741.62744140625,
    "p75": 23373.1552734375,
    "p90": 35486.35468750003,
    "p95": 54845.32968749998,
    "max": 247448.8125,
    "mean": 23180.793374633788
  }
}